Product_Name,Price
Canon R50 kit trắng,15.990.000 đ
Canon R50 + Kit 15-45,13.890.000 đ
Máy ảnh Canon R50 Kit Like New,16.500.000 đ
Máy ảnh Canon R50 kèm lens 18-45MM,17.000.000 đ
Máy ảnh Canon R50,16.000.000 đ
Máy ảnh Canon R50 Đen,16.000.000 đ
Máy ảnh Canon R50 18-45mm Đen,16.500.000 đ
Máy ảnh canon R50 Kit 18-45mm mới 100% chính hãng,16.200.000 đ
Máy ảnh Canon R50 99% BH 10/2026,16.700.000 đ
Máy ảnh Canon R50 Đen,16.000.000 đ
Máy ảnh Canon R50 Đen,17.000.000 đ
Máy ảnh Canon R50 Đen,16.800.000 đ
Máy ảnh Canon R50 Đen,15.800.000 đ
Máy ảnh Canon R50 + Kit trắng chưa kích BH,14.500.000 đ
Máy ảnh Canon R50 Đen Mới chính hãng BH24 tháng,16.700.000 đ
"Bộ Canon R50 mới mua, chụp 80 hình, BH 21/04/2028",16.600.000 đ
Máy ảnh Canon R50 Đen body likenew 99%,16.490.000 đ
MÁY ẢNH CANON R50 + KIT | NEW CHÍNH HÃNG,17.900.000 đ
Cần bán Canon R50,15.500.000 đ
Máy ảnh Canon R50 Đen,16.500.000 đ
Máy ảnh Canon R50 Đen,18.900.000 đ
Máy ảnh Canon R50 Đen Mới,15.500.000 đ
Máy ảnh Canon R50 Trắng,16.500.000 đ
Canon R50 Kit 18-45mm Giá Sale Tốt - 9A Hàm Long,17.490.000 đ
Body Canon R50 Trắng,15.790.000 đ
Canon R50 Kit,16.500.000 đ
Máy ảnh Canon R50 + Kit 18-45mm 99% - BH T9/2027,17.000.000 đ
Máy ảnh Canon R50 18-45mm Đen,16.600.000 đ
Máy ảnh Canon R50 Đã sử dụng,19.500.000 đ
